Workbook

Sheet DATA
A1: Date | B1: QQQ_Adj Close | C1: TQQQ_AdjClose | D1: SQQQ_AdjClose
A2: 40525 | B2: 47.53 | C2: 0.36 | D2: 3962622.2
A3: 40526 | B3: 47.62 | C3: 0.36 | D3: 3947630.5
A4: 40527 | B4: 47.41 | C4: 0.36 | D4: 3990106
A5: 40528 | B5: 47.78 | C5: 0.37 | D5: 3902657.2
A6: 40529 | B6: 47.82 | C6: 0.37 | D6: 3891415
A7: 40532 | B7: 47.86 | C7: 0.37 | D7: 3881420.8
A8: 40533 | B8: 48.15 | C8: 0.38 | D8: 3812712
A9: 40534 | B9: 48.14 | C9: 0.38 | D9: 3811462.2
A10: 40535 | B10: 48.01 | C10: 0.37 | D10: 3841445.8
A11: 40539 | B11: 48.04 | C11: 0.37 | D11: 3833949
A12: 40540 | B12: 47.95 | C12: 0.37 | D12: 3853937.2
A13: 40541 | B13: 48.06 | C13: 0.37 | D13: 3831450
... A3821: 46073 | B3821: 608.81 | C3821: 50.06 | D3821: 70.37

Sheet CASE_TQQQ
A1: Date | B1: Price_TQQQ | C1: Shares_TQQQ | D1: PositionValue | E1: Cash | F1: Equity
A2: 40525 | B2: 0.36 | C2: =1000000/B2 -> 2777777.8 | D2: =C2*B2 -> 1000000 | E2: =0 -> 0 | F2: =D2+E2 -> 1000000
A3: 40526 | B3: 0.36 | C3: =C2 -> 2777777.8 | D3: =C3*B3 -> 1000000 | E3: =0 -> 0 | F3: =D3+E3 -> 1000000
A4: 40527 | B4: 0.36 | C4: =C3 -> 2777777.8 | D4: =C4*B4 -> 1000000 | E4: =0 -> 0 | F4: =D4+E4 -> 1000000
A5: 40528 | B5: 0.37 | C5: =C4 -> 2777777.8 | D5: =C5*B5 -> 1027777.8 | E5: =0 -> 0 | F5: =D5+E5 -> 1027777.8
A6: 40529 | B6: 0.37 | C6: =C5 -> 2777777.8 | D6: =C6*B6 -> 1027777.8 | E6: =0 -> 0 | F6: =D6+E6 -> 1027777.8
A7: 40532 | B7: 0.37 | C7: =C6 -> 2777777.8 | D7: =C7*B7 -> 1027777.8 | E7: =0 -> 0 | F7: =D7+E7 -> 1027777.8
A8: 40533 | B8: 0.38 | C8: =C7 -> 2777777.8 | D8: =C8*B8 -> 1055555.6 | E8: =0 -> 0 | F8: =D8+E8 -> 1055555.6
A9: 40534 | B9: 0.38 | C9: =C8 -> 2777777.8 | D9: =C9*B9 -> 1055555.6 | E9: =0 -> 0 | F9: =D9+E9 -> 1055555.6
A10: 40535 | B10: 0.37 | C10: =C9 -> 2777777.8 | D10: =C10*B10 -> 1027777.8 | E10: =0 -> 0 | F10: =D10+E10 -> 1027777.8
A11: 40539 | B11: 0.37 | C11: =C10 -> 2777777.8 | D11: =C11*B11 -> 1027777.8 | E11: =0 -> 0 | F11: =D11+E11 -> 1027777.8
A12: 40540 | B12: 0.37 | C12: =C11 -> 2777777.8 | D12: =C12*B12 -> 1027777.8 | E12: =0 -> 0 | F12: =D12+E12 -> 1027777.8
A13: 40541 | B13: 0.37 | C13: =C12 -> 2777777.8 | D13: =C13*B13 -> 1027777.8 | E13: =0 -> 0 | F13: =D13+E13 -> 1027777.8
A14: 40542 | B14: 0.37 | C14: =C13 -> 2777777.8 | D14: =C14*B14 -> 1027777.8 | E14: =0 -> 0 | F14: =D14+E14 -> 1027777.8
... A3821: 46073 | B3821: 50.06 | C3821: =C3820 -> 2777777.8 | D3821: =C3821*B3821 -> 1.3905556e+08 | E3821: =0 -> 0 | F3821: =D3821+E3821 -> 1.3905556e+08

Sheet CASE_SQQQ
A1: Date | B1: Price_SQQQ | C1: Shares_SQQQ | D1: PositionValue | E1: Cash | F1: Equity | G1: QQQ_Exposure | H1: Leverage
A2: 40525 | B2: 3962622.2 | C2: =-1000000/B2 -> -0.25235814 | D2: =C2*B2 -> -1000000 | E2: =2000000 -> 2000000 | F2: =D2+E2 -> 1000000 | G2: =3*(-D2) -> 3000000 | H2: =G2/F2 -> 3
A3: 40526 | B3: 3947630.5 | C3: =C2 -> -0.25235814 | D3: =C3*B3 -> -996216.71 | E3: =E2 -> 2000000 | F3: =D3+E3 -> 1003783.3 | G3: =3*(-D3) -> 2988650.1 | H3: =G3/F3 -> 2.9773858
A4: 40527 | B4: 3990106 | C4: =C3 -> -0.25235814 | D4: =C4*B4 -> -1006935.7 | E4: =E3 -> 2000000 | F4: =D4+E4 -> 993064.25 | G4: =3*(-D4) -> 3020807.2 | H4: =G4/F4 -> 3.0419051
A5: 40528 | B5: 3902657.2 | C5: =C4 -> -0.25235814 | D5: =C5*B5 -> -984867.34 | E5: =E4 -> 2000000 | F5: =D5+E5 -> 1015132.7 | G5: =3*(-D5) -> 2954602 | H5: =G5/F5 -> 2.9105576
A6: 40529 | B6: 3891415 | C6: =C5 -> -0.25235814 | D6: =C6*B6 -> -982030.27 | E6: =E5 -> 2000000 | F6: =D6+E6 -> 1017969.7 | G6: =3*(-D6) -> 2946090.8 | H6: =G6/F6 -> 2.8940849
A7: 40532 | B7: 3881420.8 | C7: =C6 -> -0.25235814 | D7: =C7*B7 -> -979508.14 | E7: =E6 -> 2000000 | F7: =D7+E7 -> 1020491.9 | G7: =3*(-D7) -> 2938524.4 | H7: =G7/F7 -> 2.8795177
A8: 40533 | B8: 3812712 | C8: =C7 -> -0.25235814 | D8: =C8*B8 -> -962168.93 | E8: =E7 -> 2000000 | F8: =D8+E8 -> 1037831.1 | G8: =3*(-D8) -> 2886506.8 | H8: =G8/F8 -> 2.7812877
A9: 40534 | B9: 3811462.2 | C9: =C8 -> -0.25235814 | D9: =C9*B9 -> -961853.54 | E9: =E8 -> 2000000 | F9: =D9+E9 -> 1038146.5 | G9: =3*(-D9) -> 2885560.6 | H9: =G9/F9 -> 2.7795314
A10: 40535 | B10: 3841445.8 | C10: =C9 -> -0.25235814 | D10: =C10*B10 -> -969420.12 | E10: =E9 -> 2000000 | F10: =D10+E10 -> 1030579.9 | G10: =3*(-D10) -> 2908260.4 | H10: =G10/F10 -> 2.821965
A11: 40539 | B11: 3833949 | C11: =C10 -> -0.25235814 | D11: =C11*B11 -> -967528.26 | E11: =E10 -> 2000000 | F11: =D11+E11 -> 1032471.7 | G11: =3*(-D11) -> 2902584.8 | H11: =G11/F11 -> 2.8112971
A12: 40540 | B12: 3853937.2 | C12: =C11 -> -0.25235814 | D12: =C12*B12 -> -972572.46 | E12: =E11 -> 2000000 | F12: =D12+E12 -> 1027427.5 | G12: =3*(-D12) -> 2917717.4 | H12: =G12/F12 -> 2.8398279
A13: 40541 | B13: 3831450 | C13: =C12 -> -0.25235814 | D13: =C13*B13 -> -966897.61 | E13: =E12 -> 2000000 | F13: =D13+E13 -> 1033102.4 | G13: =3*(-D13) -> 2900692.8 | H13: =G13/F13 -> 2.8077496
A14: 40542 | B14: 3857684.5 | C14: =C13 -> -0.25235814 | D14: =C14*B14 -> -973518.1 | E14: =E13 -> 2000000 | F14: =D14+E14 -> 1026481.9 | G14: =3*(-D14) -> 2920554.3 | H14: =G14/F14 -> 2.8452078
... A3821: 46073 | B3821: 70.37 | C3821: =C3820 -> -0.25235814 | D3821: =C3821*B3821 -> -17.758443 | E3821: =E3820 -> 2000000 | F3821: =D3821+E3821 -> 1999982.2 | G3821: =3*(-D3821) -> 53.275328 | H3821: =G3821/F3821 -> 2.6637901e-05

Sheet CASE_SQQQ_REBALANCE
A1: Date | B1: Price | C1: Shares_prev | D1: Pos_pre | E1: Equity_pre | F1: Shares_new | G1: Trade_Shares | H1: Trade_CashFlow | I1: Cash_new | J1: Pos_new | K1: Equity_new | L1: Leverage
A2: =DATA!A2 -> 40525 | B2: =DATA!D2 -> 3962622.2 | C2: =F2 -> -0.25235814 | D2: 0 | E2: 0 | F2: =-K2/B2 -> -0.25235814 | G2: 0 | H2: 0 | I2: =K2-J2 -> 2000000 | J2: =F2*B2 -> -1000000 | K2: 1000000 | L2: =(3*(-J2))/K2 -> 3
A3: =DATA!A3 -> 40526 | B3: =DATA!D3 -> 3947630.5 | C3: =F2 -> -0.25235814 | D3: =C3*B3 -> -996216.71 | E3: =I2+D3 -> 1003783.3 | F3: =-E3/B3 -> -0.25427488 | G3: =F3-C3 -> -0.0019167398 | H3: =-(G3*B3) -> 7566.5804 | I3: =I2+H3 -> 2007566.6 | J3: =F3*B3 -> -1003783.3 | K3: =I3+J3 -> 1003783.3 | L3: =(3*(-J3))/K3 -> 3
A4: =DATA!A4 -> 40527 | B4: =DATA!D4 -> 3990106 | C4: =F3 -> -0.25427488 | D4: =C4*B4 -> -1014583.7 | E4: =I3+D4 -> 992982.84 | F4: =-E4/B4 -> -0.24886127 | G4: =F4-C4 -> 0.005413617 | H4: =-(G4*B4) -> -21600.906 | I4: =I3+H4 -> 1985965.7 | J4: =F4*B4 -> -992982.84 | K4: =I4+J4 -> 992982.84 | L4: =(3*(-J4))/K4 -> 3
A5: =DATA!A5 -> 40528 | B5: =DATA!D5 -> 3902657.2 | C5: =F4 -> -0.24886127 | D5: =C5*B5 -> -971220.23 | E5: =I4+D5 -> 1014745.4 | F5: =-E5/B5 -> -0.26001398 | G5: =F5-C5 -> -0.011152712 | H5: =-(G5*B5) -> 43525.214 | I5: =I4+H5 -> 2029490.9 | J5: =F5*B5 -> -1014745.4 | K5: =I5+J5 -> 1014745.4 | L5: =(3*(-J5))/K5 -> 3
A6: =DATA!A6 -> 40529 | B6: =DATA!D6 -> 3891415 | C6: =F5 -> -0.26001398 | D6: =C6*B6 -> -1011822.3 | E6: =I5+D6 -> 1017668.6 | F6: =-E6/B6 -> -0.26151633 | G6: =F6-C6 -> -0.0015023544 | H6: =-(G6*B6) -> 5846.2843 | I6: =I5+H6 -> 2035337.2 | J6: =F6*B6 -> -1017668.6 | K6: =I6+J6 -> 1017668.6 | L6: =(3*(-J6))/K6 -> 3
A7: =DATA!A7 -> 40532 | B7: =DATA!D7 -> 3881420.8 | C7: =F6 -> -0.26151633 | D7: =C7*B7 -> -1015054.9 | E7: =I6+D7 -> 1020282.2 | F7: =-E7/B7 -> -0.26286309 | G7: =F7-C7 -> -0.0013467541 | H7: =-(G7*B7) -> 5227.3192 | I7: =I6+H7 -> 2040564.5 | J7: =F7*B7 -> -1020282.2 | K7: =I7+J7 -> 1020282.2 | L7: =(3*(-J7))/K7 -> 3
A8: =DATA!A8 -> 40533 | B8: =DATA!D8 -> 3812712 | C8: =F7 -> -0.26286309 | D8: =C8*B8 -> -1002221.3 | E8: =I7+D8 -> 1038343.2 | F8: =-E8/B8 -> -0.27233718 | G8: =F8-C8 -> -0.0094740931 | H8: =-(G8*B8) -> 36121.988 | I8: =I7+H8 -> 2076686.5 | J8: =F8*B8 -> -1038343.2 | K8: =I8+J8 -> 1038343.2 | L8: =(3*(-J8))/K8 -> 3
A9: =DATA!A9 -> 40534 | B9: =DATA!D9 -> 3811462.2 | C9: =F8 -> -0.27233718 | D9: =C9*B9 -> -1038002.9 | E9: =I8+D9 -> 1038683.6 | F9: =-E9/B9 -> -0.27251578 | G9: =F9-C9 -> -0.00017859465 | H9: =-(G9*B9) -> 680.70679 | I9: =I8+H9 -> 2077367.2 | J9: =F9*B9 -> -1038683.6 | K9: =I9+J9 -> 1038683.6 | L9: =(3*(-J9))/K9 -> 3
A10: =DATA!A10 -> 40535 | B10: =DATA!D10 -> 3841445.8 | C10: =F9 -> -0.27251578 | D10: =C10*B10 -> -1046854.6 | E10: =I9+D10 -> 1030512.6 | F10: =-E10/B10 -> -0.26826166 | G10: =F10-C10 -> 0.0042541154 | H10: =-(G10*B10) -> -16341.954 | I10: =I9+H10 -> 2061025.2 | J10: =F10*B10 -> -1030512.6 | K10: =I10+J10 -> 1030512.6 | L10: =(3*(-J10))/K10 -> 3
A11: =DATA!A11 -> 40539 | B11: =DATA!D11 -> 3833949 | C11: =F10 -> -0.26826166 | D11: =C11*B11 -> -1028501.5 | E11: =I10+D11 -> 1032523.7 | F11: =-E11/B11 -> -0.26931076 | G11: =F11-C11 -> -0.0010490962 | H11: =-(G11*B11) -> 4022.1812 | I11: =I10+H11 -> 2065047.4 | J11: =F11*B11 -> -1032523.7 | K11: =I11+J11 -> 1032523.7 | L11: =(3*(-J11))/K11 -> 3
A12: =DATA!A12 -> 40540 | B12: =DATA!D12 -> 3853937.2 | C12: =F11 -> -0.26931076 | D12: =C12*B12 -> -1037906.8 | E12: =I11+D12 -> 1027140.7 | F12: =-E12/B12 -> -0.26651722 | G12: =F12-C12 -> 0.0027935332 | H12: =-(G12*B12) -> -10766.101 | I12: =I11+H12 -> 2054281.3 | J12: =F12*B12 -> -1027140.7 | K12: =I12+J12 -> 1027140.7 | L12: =(3*(-J12))/K12 -> 3
A13: =DATA!A13 -> 40541 | B13: =DATA!D13 -> 3831450 | C13: =F12 -> -0.26651722 | D13: =C13*B13 -> -1021147.4 | E13: =I12+D13 -> 1033133.9 | F13: =-E13/B13 -> -0.26964567 | G13: =F13-C13 -> -0.0031284446 | H13: =-(G13*B13) -> 11986.479 | I13: =I12+H13 -> 2066267.8 | J13: =F13*B13 -> -1033133.9 | K13: =I13+J13 -> 1033133.9 | L13: =(3*(-J13))/K13 -> 3
A14: =DATA!A14 -> 40542 | B14: =DATA!D14 -> 3857684.5 | C14: =F13 -> -0.26964567 | D14: =C14*B14 -> -1040207.9 | E14: =I13+D14 -> 1026059.9 | F14: =-E14/B14 -> -0.26597817 | G14: =F14-C14 -> 0.003667495 | H14: =-(G14*B14) -> -14148.039 | I14: =I13+H14 -> 2052119.8 | J14: =F14*B14 -> -1026059.9 | K14: =I14+J14 -> 1026059.9 | L14: =(3*(-J14))/K14 -> 3
... A3821: =DATA!A3821 -> 46073 | B3821: =DATA!D3821 -> 70.37 | C3821: =F3820 -> -2388183 | D3821: =C3821*B3821 -> -1.6805644e+08 | E3821: =I3820+D3821 -> 1.7684495e+08 | F3821: =-E3821/B3821 -> -2513073.1 | G3821: =F3821-C3821 -> -124890.06 | H3821: =-(G3821*B3821) -> 8788513.5 | I3821: =I3820+H3821 -> 3.536899e+08 | J3821: =F3821*B3821 -> -1.7684495e+08 | K3821: =I3821+J3821 -> 1.7684495e+08 | L3821: =(3*(-J3821))/K3821 -> 3

Sheet CASE_SQQQ_BAND
A1: Date | B1: QQQ_Price | C1: TQQQ_Price | D1: SQQQ_Price | E1: Shares_prev | F1: Pos_pre | G1: Equity_pre | H1: Leverage_pre | I1: Shares_new | J1: Trade_Shares | K1: Trade_CashFlow | L1: Cash_new | M1: Pos_new | N1: Equity_new | O1: Leverage
A2: 40525 | B2: 47.53 | C2: 0.36 | D2: 3962622.2 | E2: =-1000000/D2 -> -0.25235814 | F2: =E2*D2 -> -1000000 | G2: =1000000 -> 1000000 | H2: =(3*(-F2))/G2 -> 3 | I2: =E2 -> -0.25235814 | J2: =I2-E2 -> 0 | K2: =-(J2*D2) -> 0 | L2: =G2-F2+K2 -> 2000000 | M2: =I2*D2 -> -1000000 | N2: =L2+M2 -> 1000000 | O2: =(3*(-M2))/N2 -> 3
A3: 40526 | B3: 47.62 | C3: 0.36 | D3: 3947630.5 | E3: =I2 -> -0.25235814 | F3: =E3*D3 -> -996216.71 | G3: =L2+F3 -> 1003783.3 | H3: =(3*(-F3))/G3 -> 2.9773858 | I3: =IF(H3<3,-G3/D3,IF(H3>3.3,-(3.3/3)*G3/D3,E3)) -> -0.25427488 | J3: =I3-E3 -> -0.0019167398 | K3: =-(J3*D3) -> 7566.5804 | L3: =L2+K3 -> 2007566.6 | M3: =I3*D3 -> -1003783.3 | N3: =L3+M3 -> 1003783.3 | O3: =(3*(-M3))/N3 -> 3
A4: 40527 | B4: 47.41 | C4: 0.36 | D4: 3990106 | E4: =I3 -> -0.25427488 | F4: =E4*D4 -> -1014583.7 | G4: =L3+F4 -> 992982.84 | H4: =(3*(-F4))/G4 -> 3.0652607 | I4: =IF(H4<3,-G4/D4,IF(H4>3.3,-(3.3/3)*G4/D4,E4)) -> -0.25427488 | J4: =I4-E4 -> 0 | K4: =-(J4*D4) -> 0 | L4: =L3+K4 -> 2007566.6 | M4: =I4*D4 -> -1014583.7 | N4: =L4+M4 -> 992982.84 | O4: =(3*(-M4))/N4 -> 3.0652607
A5: 40528 | B5: 47.78 | C5: 0.37 | D5: 3902657.2 | E5: =I4 -> -0.25427488 | F5: =E5*D5 -> -992347.72 | G5: =L4+F5 -> 1015218.9 | H5: =(3*(-F5))/G5 -> 2.9324152 | I5: =IF(H5<3,-G5/D5,IF(H5>3.3,-(3.3/3)*G5/D5,E5)) -> -0.26013529 | J5: =I5-E5 -> -0.0058604009 | K5: =-(J5*D5) -> 22871.136 | L5: =L4+K5 -> 2030437.7 | M5: =I5*D5 -> -1015218.9 | N5: =L5+M5 -> 1015218.9 | O5: =(3*(-M5))/N5 -> 3
A6: 40529 | B6: 47.82 | C6: 0.37 | D6: 3891415 | E6: =I5 -> -0.26013529 | F6: =E6*D6 -> -1012294.4 | G6: =L5+F6 -> 1018143.4 | H6: =(3*(-F6))/G6 -> 2.9827657 | I6: =IF(H6<3,-G6/D6,IF(H6>3.3,-(3.3/3)*G6/D6,E6)) -> -0.26163834 | J6: =I6-E6 -> -0.0015030553 | K6: =-(J6*D6) -> 5849.0118 | L6: =L5+K6 -> 2036286.7 | M6: =I6*D6 -> -1018143.4 | N6: =L6+M6 -> 1018143.4 | O6: =(3*(-M6))/N6 -> 3
A7: 40532 | B7: 47.86 | C7: 0.37 | D7: 3881420.8 | E7: =I6 -> -0.26163834 | F7: =E7*D7 -> -1015528.5 | G7: =L6+F7 -> 1020758.2 | H7: =(3*(-F7))/G7 -> 2.9846298 | I7: =IF(H7<3,-G7/D7,IF(H7>3.3,-(3.3/3)*G7/D7,E7)) -> -0.26298572 | J7: =I7-E7 -> -0.0013473824 | K7: =-(J7*D7) -> 5229.758 | L7: =L6+K7 -> 2041516.5 | M7: =I7*D7 -> -1020758.2 | N7: =L7+M7 -> 1020758.2 | O7: =(3*(-M7))/N7 -> 3
A8: 40533 | B8: 48.15 | C8: 0.38 | D8: 3812712 | E8: =I7 -> -0.26298572 | F8: =E8*D8 -> -1002688.8 | G8: =L7+F8 -> 1038827.7 | H8: =(3*(-F8))/G8 -> 2.8956357 | I8: =IF(H8<3,-G8/D8,IF(H8>3.3,-(3.3/3)*G8/D8,E8)) -> -0.27246424 | J8: =I8-E8 -> -0.0094785131 | K8: =-(J8*D8) -> 36138.841 | L8: =L7+K8 -> 2077655.3 | M8: =I8*D8 -> -1038827.7 | N8: =L8+M8 -> 1038827.7 | O8: =(3*(-M8))/N8 -> 3
A9: 40534 | B9: 48.14 | C9: 0.38 | D9: 3811462.2 | E9: =I8 -> -0.27246424 | F9: =E9*D9 -> -1038487.2 | G9: =L8+F9 -> 1039168.2 | H9: =(3*(-F9))/G9 -> 2.9980339 | I9: =IF(H9<3,-G9/D9,IF(H9>3.3,-(3.3/3)*G9/D9,E9)) -> -0.27264291 | J9: =I9-E9 -> -0.00017867798 | K9: =-(J9*D9) -> 681.02436 | L9: =L8+K9 -> 2078336.4 | M9: =I9*D9 -> -1039168.2 | N9: =L9+M9 -> 1039168.2 | O9: =(3*(-M9))/N9 -> 3
A10: 40535 | B10: 48.01 | C10: 0.37 | D10: 3841445.8 | E10: =I9 -> -0.27264291 | F10: =E10*D10 -> -1047343 | G10: =L9+F10 -> 1030993.4 | H10: =(3*(-F10))/G10 -> 3.0475742 | I10: =IF(H10<3,-G10/D10,IF(H10>3.3,-(3.3/3)*G10/D10,E10)) -> -0.27264291 | J10: =I10-E10 -> 0 | K10: =-(J10*D10) -> 0 | L10: =L9+K10 -> 2078336.4 | M10: =I10*D10 -> -1047343 | N10: =L10+M10 -> 1030993.4 | O10: =(3*(-M10))/N10 -> 3.0475742
A11: 40539 | B11: 48.04 | C11: 0.37 | D11: 3833949 | E11: =I10 -> -0.27264291 | F11: =E11*D11 -> -1045299 | G11: =L10+F11 -> 1033037.3 | H11: =(3*(-F11))/G11 -> 3.0356087 | I11: =IF(H11<3,-G11/D11,IF(H11>3.3,-(3.3/3)*G11/D11,E11)) -> -0.27264291 | J11: =I11-E11 -> 0 | K11: =-(J11*D11) -> 0 | L11: =L10+K11 -> 2078336.4 | M11: =I11*D11 -> -1045299 | N11: =L11+M11 -> 1033037.3 | O11: =(3*(-M11))/N11 -> 3.0356087
A12: 40540 | B12: 47.95 | C12: 0.37 | D12: 3853937.2 | E12: =I11 -> -0.27264291 | F12: =E12*D12 -> -1050748.7 | G12: =L11+F12 -> 1027587.7 | H12: =(3*(-F12))/G12 -> 3.0676176 | I12: =IF(H12<3,-G12/D12,IF(H12>3.3,-(3.3/3)*G12/D12,E12)) -> -0.27264291 | J12: =I12-E12 -> 0 | K12: =-(J12*D12) -> 0 | L12: =L11+K12 -> 2078336.4 | M12: =I12*D12 -> -1050748.7 | N12: =L12+M12 -> 1027587.7 | O12: =(3*(-M12))/N12 -> 3.0676176
A13: 40541 | B13: 48.06 | C13: 0.37 | D13: 3831450 | E13: =I12 -> -0.27264291 | F13: =E13*D13 -> -1044617.7 | G13: =L12+F13 -> 1033718.7 | H13: =(3*(-F13))/G13 -> 3.0316306 | I13: =IF(H13<3,-G13/D13,IF(H13>3.3,-(3.3/3)*G13/D13,E13)) -> -0.27264291 | J13: =I13-E13 -> 0 | K13: =-(J13*D13) -> 0 | L13: =L12+K13 -> 2078336.4 | M13: =I13*D13 -> -1044617.7 | N13: =L13+M13 -> 1033718.7 | O13: =(3*(-M13))/N13 -> 3.0316306
A14: 40542 | B14: 47.94 | C14: 0.37 | D14: 3857684.5 | E14: =I13 -> -0.27264291 | F14: =E14*D14 -> -1051770.3 | G14: =L13+F14 -> 1026566 | H14: =(3*(-F14))/G14 -> 3.0736563 | I14: =IF(H14<3,-G14/D14,IF(H14>3.3,-(3.3/3)*G14/D14,E14)) -> -0.27264291 | J14: =I14-E14 -> 0 | K14: =-(J14*D14) -> 0 | L14: =L13+K14 -> 2078336.4 | M14: =I14*D14 -> -1051770.3 | N14: =L14+M14 -> 1026566 | O14: =(3*(-M14))/N14 -> 3.0736563
... A3821: 46073 | B3821: 608.81 | C3821: 50.06 | D3821: 70.37 | E3821: =I3820 -> -3249260.4 | F3821: =E3821*D3821 -> -2.2865045e+08 | G3821: =L3820+F3821 -> 2.247986e+08 | H3821: =(3*(-F3821))/G3821 -> 3.051404 | I3821: =IF(H3821<3,-G3821/D3821,IF(H3821>3.3,-(3.3/3)*G3821/D3821,E3821)) -> -3249260.4 | J3821: =I3821-E3821 -> 0 | K3821: =-(J3821*D3821) -> 0 | L3821: =L3820+K3821 -> 4.5344905e+08 | M3821: =I3821*D3821 -> -2.2865045e+08 | N3821: =L3821+M3821 -> 2.247986e+08 | O3821: =(3*(-M3821))/N3821 -> 3.051404
